query;score;competitiveness
атбаш онлайн;44;LOW
атбаш переводчик;26;AVERAGE
атбаш расшифровка онлайн;20;LOW
дешифратор атбаш;17;AVERAGE
атбаш онлайн расшифровка;9;LOW
шифр атабаш;7;HIGH
калькулятор атбаш;5;AVERAGE
шрифт атбаш расшифровать;5;AVERAGE
атбаш алфавит;4;HIGH
атбаш декодер;4;AVERAGE
шифр атабаш онлайн;4;LOW
дешифратор атбаш онлайн;3;AVERAGE
атбаш расшифровать;3;HIGH
атбаш перевод;2;HIGH
атбаш это;2;HIGH
атбаш калькулятор;2;AVERAGE
зеркальный алфавит атбаш;2;HIGH
переводчик с атбаша;2;AVERAGE
атбаш зашифровать;2;NO_DATA
переводчик с атбаш;1;NO_DATA
шифрование атбаш онлайн;1;NO_DATA
шифр атбаш;416;HIGH
шифр атбаш онлайн;161;LOW
атбаш шифр;87;HIGH
шифр атбаш расшифровка;79;AVERAGE
шифр атбаша;43;HIGH
шифр атбаш расшифровка на русском;25;AVERAGE
шифр атбаш переводчик;24;LOW
шифр атбаш расшифровка онлайн;23;LOW
атбаш шифр расшифровка;22;AVERAGE
зеркальный шифр атбаш;20;HIGH
атбаш шифр онлайн;16;LOW
шифр атбаш онлайн расшифровать;15;LOW
шифр атбаш онлайн расшифровка;12;LOW
шифр атбаш это;12;HIGH
переводчик на шифр атбаш;11;AVERAGE
шифр атбаша онлайн;11;AVERAGE
шифр атбаш онлайн зашифровать;8;AVERAGE
расшифровка шифра атбаш;8;AVERAGE
переводчик с шифра атбаш;6;AVERAGE
шифр атбаш русский алфавит;5;AVERAGE
шифр атбаш зашифровать;4;LOW
шифр атбаш калькулятор;4;AVERAGE
калькулятор шифра атбаш;3;LOW
расшифровать шифр атбаш;3;AVERAGE
шифр атбаш дешифратор;2;AVERAGE
атбаш первый шифр;2;HIGH
шифр атбаш декодер;1;NO_DATA
шифр атбаш на русском;1;AVERAGE
как делать шифр атбаш;1;NO_DATA
шифр атбаш расшифровать;1;AVERAGE
перевод шифра атбаш;1;AVERAGE
шифр атбаш расшифровать онлайн;1;NO_DATA
как расшифровать шифр атбаш;1;NO_DATA
шифр атбаш для русского алфавита;1;AVERAGE